$,$,$
Swagnemite,218,1
Swagnemite,453,33
Swagnemite,4360,7
Swagnemite,2724,22
Swagnemite,4751,23
Swagnemite,4887,14
Swagnemite,5739,3
Swagnemite,2379,22
Swagnemite,2002,45
Swagnemite,2841,62
Swagnemite,5850,15
Swagnemite,4904,9
Swagnemite,4186,12
Swagnemite,6207,11
Swagnemite,5297,9
Swagnemite,6230,6
Swagnemite,6148,7
Swagnemite,4945,11
Swagnemite,5848,7
Swagnemite,6424,5
Swagnemite,6486,8
Swagnemite,5919,11
Swagnemite,5001,14
Swagnemite,468,9
Swagnemite,4401,6
$,$,$
Schrute Farms,5304,1
Schrute Farms,5841,1
Schrute Farms,2869,3
Schrute Farms,4292,45
Schrute Farms,4432,1
Schrute Farms,5812,5
Schrute Farms,6046,4
Schrute Farms,6055,30
Schrute Farms,6235,3
Schrute Farms,530,29
Schrute Farms,2085,36
Schrute Farms,2818,3
Schrute Farms,5504,10
Schrute Farms,5510,4
Schrute Farms,5858,18
Schrute Farms,6402,4
Schrute Farms,531,80
Schrute Farms,4730,73
Schrute Farms,5672,26
Schrute Farms,6227,25
Schrute Farms,6519,3
Schrute Farms,785,106
Schrute Farms,2119,2
Schrute Farms,5847,6
Schrute Farms,6206,12
Schrute Farms,4658,4
Schrute Farms,4772,8
$,$,$
Swag Antonio Spurs,4312,38
Swag Antonio Spurs,41,1
Swag Antonio Spurs,4,1
Swag Antonio Spurs,2164,14
Swag Antonio Spurs,5323,10
Swag Antonio Spurs,6041,21
Swag Antonio Spurs,4976,15
Swag Antonio Spurs,5239,6
Swag Antonio Spurs,4856,36
Swag Antonio Spurs,5880,19
Swag Antonio Spurs,5423,10
Swag Antonio Spurs,152,40
Swag Antonio Spurs,5688,8
Swag Antonio Spurs,1987,21
Swag Antonio Spurs,4510,151
Swag Antonio Spurs,2038,12
Swag Antonio Spurs,6219,7
Swag Antonio Spurs,4947,6
Swag Antonio Spurs,5564,11
Swag Antonio Spurs,6409,16
Swag Antonio Spurs,6396,8
Swag Antonio Spurs,5603,6
Swag Antonio Spurs,6398,8
Swag Antonio Spurs,49,1
Swag Antonio Spurs,4385,8
Swag Antonio Spurs,5998,4
Swag Antonio Spurs,6213,2
$,$,$
Immondo Neqro: Cumdreva Edition,5876,12
Immondo Neqro: Cumdreva Edition,2814,36
Immondo Neqro: Cumdreva Edition,2525,34
Immondo Neqro: Cumdreva Edition,4317,16
Immondo Neqro: Cumdreva Edition,6066,30
Immondo Neqro: Cumdreva Edition,1852,16
Immondo Neqro: Cumdreva Edition,254,38
Immondo Neqro: Cumdreva Edition,6245,6
Immondo Neqro: Cumdreva Edition,5835,13
Immondo Neqro: Cumdreva Edition,632,40
Immondo Neqro: Cumdreva Edition,22,16
Immondo Neqro: Cumdreva Edition,2741,14
Immondo Neqro: Cumdreva Edition,6106,2
Immondo Neqro: Cumdreva Edition,332,17
Immondo Neqro: Cumdreva Edition,5878,12
Immondo Neqro: Cumdreva Edition,2392,8
Immondo Neqro: Cumdreva Edition,2764,181
Immondo Neqro: Cumdreva Edition,5506,1
Immondo Neqro: Cumdreva Edition,159,1
Immondo Neqro: Cumdreva Edition,6418,1
Immondo Neqro: Cumdreva Edition,6419,1
Immondo Neqro: Cumdreva Edition,6242,1
Immondo Neqro: Cumdreva Edition,6432,1
Immondo Neqro: Cumdreva Edition,4870,1
Immondo Neqro: Cumdreva Edition,6565,1
$,$,$
Garlascoli Calcio,572,32
Garlascoli Calcio,2845,1
Garlascoli Calcio,610,1
Garlascoli Calcio,2640,20
Garlascoli Calcio,513,16
Garlascoli Calcio,5877,18
Garlascoli Calcio,4982,9
Garlascoli Calcio,5677,18
Garlascoli Calcio,2169,14
Garlascoli Calcio,253,9
Garlascoli Calcio,697,8
Garlascoli Calcio,2848,45
Garlascoli Calcio,4287,30
Garlascoli Calcio,5453,24
Garlascoli Calcio,5719,5
Garlascoli Calcio,5792,10
Garlascoli Calcio,5513,11
Garlascoli Calcio,4268,47
Garlascoli Calcio,5086,10
Garlascoli Calcio,2489,12
Garlascoli Calcio,4404,11
Garlascoli Calcio,2531,31
Garlascoli Calcio,4177,17
Garlascoli Calcio,5949,15
Garlascoli Calcio,5734,42
Garlascoli Calcio,6145,20
Garlascoli Calcio,6532,20
$,$,$
Puma Kletzmerson,761,1
Puma Kletzmerson,2428,15
Puma Kletzmerson,2120,34
Puma Kletzmerson,2188,13
Puma Kletzmerson,5424,3
Puma Kletzmerson,5514,7
Puma Kletzmerson,6217,11
Puma Kletzmerson,779,10
Puma Kletzmerson,827,22
Puma Kletzmerson,1870,50
Puma Kletzmerson,4711,34
Puma Kletzmerson,4992,8
Puma Kletzmerson,5687,19
Puma Kletzmerson,5791,7
Puma Kletzmerson,2137,51
Puma Kletzmerson,4179,70
Puma Kletzmerson,4436,22
Puma Kletzmerson,5007,12
Puma Kletzmerson,1926,1
Puma Kletzmerson,2285,3
Puma Kletzmerson,5354,12
Puma Kletzmerson,4427,13
Puma Kletzmerson,787,8
$,$,$
$,$,$
A.S. Bulla,2815,25
A.S. Bulla,2294,1
A.S. Bulla,6184,1
A.S. Bulla,4421,11
A.S. Bulla,2728,4
A.S. Bulla,2423,39
A.S. Bulla,4220,29
A.S. Bulla,5685,40
A.S. Bulla,4465,21
A.S. Bulla,5784,5
A.S. Bulla,309,73
A.S. Bulla,608,30
A.S. Bulla,2816,33
A.S. Bulla,4237,35
A.S. Bulla,4461,12
A.S. Bulla,4897,7
A.S. Bulla,5526,22
A.S. Bulla,5511,12
A.S. Bulla,801,12
A.S. Bulla,5364,5
A.S. Bulla,6226,16
A.S. Bulla,6204,1
$,$,$
Sporting Zizzona,4431,33
Sporting Zizzona,2792,3
Sporting Zizzona,2297,1
Sporting Zizzona,6202,10
Sporting Zizzona,2296,15
Sporting Zizzona,460,16
Sporting Zizzona,581,10
Sporting Zizzona,5449,10
Sporting Zizzona,252,11
Sporting Zizzona,5757,3
Sporting Zizzona,4199,15
Sporting Zizzona,2194,34
Sporting Zizzona,6224,41
Sporting Zizzona,5995,11
Sporting Zizzona,6212,3
Sporting Zizzona,4459,6
Sporting Zizzona,4871,102
Sporting Zizzona,6060,40
Sporting Zizzona,6205,20
Sporting Zizzona,795,27
Sporting Zizzona,6229,20
Sporting Zizzona,6435,13
Sporting Zizzona,5831,6
Sporting Zizzona,4433,4
Sporting Zizzona,5498,3
Sporting Zizzona,4934,3
Sporting Zizzona,5533,6
Sporting Zizzona,5813,6
Sporting Zizzona,5678,8
Sporting Zizzona,4495,1
$,$,$
Alessio€ s big boys,2170,10
Alessio€ s big boys,4525,1
Alessio€ s big boys,6210,1
Alessio€ s big boys,393,9
Alessio€ s big boys,2769,3
Alessio€ s big boys,4409,22
Alessio€ s big boys,4493,4
Alessio€ s big boys,5764,2
Alessio€ s big boys,5867,9
Alessio€ s big boys,181,7
Alessio€ s big boys,236,29
Alessio€ s big boys,367,24
Alessio€ s big boys,788,8
Alessio€ s big boys,1976,6
Alessio€ s big boys,4342,10
Alessio€ s big boys,5823,14
Alessio€ s big boys,6170,1
Alessio€ s big boys,6218,10
Alessio€ s big boys,6423,1
Alessio€ s big boys,4371,10
Alessio€ s big boys,5839,141
Alessio€ s big boys,6214,7
Alessio€ s big boys,6434,5
Alessio€ s big boys,4923,9
Alessio€ s big boys,6257,4
Alessio€ s big boys,6039,3
Alessio€ s big boys,6563,1
$,$,$
$,$,$
$,$,$
FC Kvatch,133,16
FC Kvatch,357,20
FC Kvatch,2788,27
FC Kvatch,4245,25
FC Kvatch,5481,23
FC Kvatch,5520,7
FC Kvatch,2167,26
FC Kvatch,5119,23
FC Kvatch,5425,1
FC Kvatch,5800,13
FC Kvatch,5824,7
FC Kvatch,6054,10
FC Kvatch,6175,4
FC Kvatch,6492,21
FC Kvatch,6215,6
FC Kvatch,6228,53
FC Kvatch,4661,162
FC Kvatch,2544,12
FC Kvatch,5851,4
FC Kvatch,6485,4
FC Kvatch,5833,4
FC Kvatch,6462,3
